"Age","Income","Credit_Score","Gender","Region"
20.2885677213781,132075.037411414,426.962526235729,"Female","East"
69.2159521188587,44869.2693468183,704.392701236065,"Male","West"
65.6284041823819,203902.119193226,597.634395980276,"Other","East"
43.1177688618191,237117.766453885,585.473973315675,"Male","South"
27.4035482015461,61800.9454570711,717.464210256003,"Female","North"
92.9400525731035,266309.556618799,395.411706564482,"Female","East"
52.3662415682338,61241.8083311059,706.321769533679,"Male","North"
27.9501641537063,165591.041434091,367.904260160867,"Male","West"
92.2832908048294,264977.739546448,340.155005280394,"Male","North"
71.143661821261,69885.7102100737,318.195599666797,"Male","North"
54.4187146574259,184831.304636318,500.621915608644,"Female","East"
88.4180437540635,261149.986232631,389.934964501299,"Female","South"
47.2328638345934,281799.43338735,570.363169012126,"Other","North"
21.8487688773312,166405.10315774,687.889402988367,"Male","North"
89.8039905284531,104788.507418707,452.107117255218,"Other","West"
43.9822870302014,303926.55442236,767.444060463458,"Male","South"
83.4323934195563,348424.218869768,737.653738760855,"Other","West"
76.0157862911001,346268.226322718,384.058926824946,"Male","East"
68.6070763859898,103266.77885605,667.342336161528,"Male","South"
60.2053162762895,348755.126411561,506.529243465047,"Other","West"
73.3024711436592,340168.202328496,576.451887993608,"Other","South"
86.6149977967143,223505.771327764,482.30648302706,"Male","West"
78.9019647305831,163551.320719998,396.222304913681,"Female","West"
36.1376910167746,121167.531816754,702.161873492878,"Female","West"
55.8062705723569,327145.544821396,336.471237428486,"Female","South"
41.6528960186988,246596.052141394,333.28465402592,"Female","West"
24.1145404824056,254945.329313632,658.180688461289,"Female","North"
51.1428964571096,NA,831.825298443437,"Other","East"
67.7978938999586,NA,739.569595945068,"Other","West"
87.1298240828328,67616.5164285339,387.372214416973,"Female","West"
76.8266959260218,52115.2089722455,607.743983005639,"Male","West"
20.4436811334454,NA,614.689304633066,"Male","South"
73.4827176420949,276765.509441029,556.994720350485,"Male","West"
32.7546430341899,196166.587455664,478.54056362994,"Other","North"
62.2166415667161,335780.833980534,357.081904844381,"Male","East"
18.4118076129816,211410.681963898,541.035650926642,"Male","West"
85.4664883837104,114803.289831616,758.790550299454,"Male","North"
99.2669617091306,324602.972886059,643.574480793905,"Other","North"
66.6395270954818,320628.687853459,374.492062546778,"Female","East"
54.1550336214714,339213.472865522,635.70166924037,"Male","North"
27.0459213317372,30200.1359499991,833.873839303851,"Male","East"
40.4486089409329,27396.9145840965,581.505366938654,"Male","South"
18.7259799940512,162768.118879758,444.845823023934,"Male","West"
98.4841930465773,24601.2095920742,346.910813008435,"Female","North"
NA,132731.829849072,511.237611493561,"Other","East"
55.9474130636081,345278.566381894,551.537140202709,"Female","North"
19.605653825216,58277.9595674947,345.204179082066,"Other","East"
77.7223028889857,289850.225399714,828.462098259479,"Male","East"
20.0792031926103,NA,766.440362751018,"Female","North"
75.7318311687559,265543.257822283,518.625713896472,"Other","South"
94.1290517561138,112682.201792486,536.442041175906,"Female","North"
31.9512459165417,286760.675259866,753.038978506811,"Male","North"
NA,220454.233482014,691.286451800261,"Male","North"
75.3523852024227,246806.894319598,544.557922054082,"Male","East"
88.6947101377882,211345.231593587,711.668599070981,"Other","South"
67.6075309491716,224195.30170504,672.827987011988,"Male","South"
61.5909827784635,35978.5170597024,342.917007859796,"Other","North"
83.1981889638118,205129.152822774,733.684491203167,"Female","North"
79.9771650317125,110924.136340618,508.368249633349,"Female","East"
21.0472275130451,258053.785408847,537.117595376913,"Female","South"
21.6015415387228,81109.24388282,556.333173392341,"Male","South"
NA,217942.201416008,357.982143759727,"Male","East"
25.2595563824289,271209.57614854,701.153852709103,"Other","East"
70.0533756199293,177014.357321896,394.331299851183,"Female","East"
22.5571886715479,143810.075439978,595.057978259865,"Male","South"
35.1971299559809,193736.762204207,655.611660005525,"Other","South"
97.5429503018968,162660.131377634,420.070902945008,"Female","South"
61.1751007558778,NA,711.678533465602,"Female","North"
99.313734903466,232083.093221299,821.399893891066,"Male","North"
59.5804646834731,45389.4207673147,577.544828783721,"Female","West"
87.7767334426753,295847.949844319,721.142138971481,"Male","South"
37.7771432846785,53924.8924260028,828.293317789212,"Female","North"
NA,87963.6053694412,724.918132601306,"Male","West"
91.6741549228318,268694.0593482,704.813015589025,"Male","South"
46.1144376536831,122047.609102447,654.963543778285,"Female","West"
58.741015738342,69390.3433997184,822.30001934804,"Female","North"
60.3584402138367,186934.313301463,418.203173240181,"Male","West"
22.6482033315115,35005.9575494379,536.257923464291,"Female","North"
48.2176468297839,85644.7921949439,327.701387228444,"Male","North"
61.8235570923425,192659.286251292,326.446024503093,"Female","West"
62.4244767026976,106684.304547962,766.965893609449,"Female","West"
90.8983984687366,103189.863222651,544.43850365933,"Other","West"
87.97618672112,148362.521724775,720.560266298708,"Male","West"
49.4767099237069,348974.480887409,733.569477451965,"Female","West"
46.793538664002,336872.081295587,302.564203401562,"Other","East"
75.1883253026754,76101.6047326848,829.38438024139,"Other","East"
26.9521782370284,159496.464747936,725.934961391613,"Female","West"
44.8375429655425,208780.549489893,532.708245352842,"Female","North"
66.2025153161958,340273.094030563,451.823199074715,"Other","East"
46.1117559755221,50851.3820986263,734.115592681337,"Other","East"
57.4244846976362,220321.044467855,469.694466842338,"Male","South"
40.165555157233,NA,436.430078966077,"Female","South"
92.2801843462512,135116.836379748,682.41364529822,"Female","South"
29.183564985171,244934.614268132,836.869838635903,"Other","North"
24.7675556335598,217636.267188936,620.910052407999,"Female","West"
96.4977606828324,315265.512140468,728.267513785977,"Other","East"
68.7727581225336,299294.238539878,772.306415322237,"Female","East"
35.1649672873318,297334.349544253,590.778662927914,"Female","South"
99.1819833451882,272852.248519193,553.551749710459,"Other","North"
19.3199675446376,336159.835988656,577.071265189443,"Female","North"
33.6672965236939,26448.7491361797,614.257990708575,"Male","North"
NA,24175.6228310987,347.29579865234,"Female","North"
49.6925973873585,183762.75842078,315.941577625927,"Male","East"
NA,124603.596043307,633.564610616304,"Male","East"
32.4304673215374,269839.229381178,648.981134907808,"Male","East"
71.0043616616167,277306.277451571,666.972284892108,"Other","North"
77.963124575559,326419.238487724,811.958224908449,"Other","East"
46.9494288577698,219280.717347283,715.042034455109,"Female","East"
82.0372134894133,NA,731.855424807873,"Other","North"
43.0098949498497,328281.29007481,764.804241794627,"Female","South"
77.3752088514157,148175.229586195,670.90890702093,"Other","East"
60.8987977332436,126861.360135954,334.67259388417,"Female","West"
67.9524312266149,319809.272866696,632.960309297778,"Male","West"
95.4622893882915,71954.6308834106,768.421453889459,"Female","South"
33.3060188218951,63503.9390600286,841.377831110731,"Female","North"
63.5672363541089,129123.794743791,668.688472372014,"Other","North"
65.0257473234087,300151.783684269,689.87139359815,"Male","East"
41.7004448683001,180038.487748243,494.053109176457,"Female","East"
23.4031904307194,201952.069036197,563.212525122799,"Other","West"
98.6777050886303,109846.869991161,809.660854085814,"Male","South"
55.1636189827695,150826.6743063,601.40749309212,"Male","South"
43.3062309827656,299167.490375694,726.009687304031,"Male","South"
99.7394136809744,97848.4490816481,800.80519055482,"Female","North"
63.382019052282,208029.420743696,424.513392546214,"Female","South"
87.9714856892824,232912.294722628,832.961828121915,"Female","West"
31.4452232709154,150342.043833807,811.360416584648,"Other","East"
99.8585533713922,219350.618026219,309.660288668238,"Other","East"
46.857616815716,42855.7318542153,445.742099732161,"Other","South"
NA,172784.732095897,448.80847245222,"Female","South"
70.4802917763591,200976.330130361,383.117431320716,"Other","East"
98.0105179385282,105103.764312807,530.037354200613,"Other","South"
40.6954837436788,267514.189800713,336.07561691897,"Other","South"
35.2729989001527,NA,695.573392533697,"Female","West"
40.519555919338,101412.481982261,743.078324676026,"Other","South"
36.0224909647368,46948.0673526414,843.844066280872,"Male","South"
36.3691631429829,294803.009526804,627.413751021959,"Female","North"
26.7842603367753,103540.275949053,562.691734288819,"Other","North"
32.714363258332,179847.220059019,737.973317957949,"Male","East"
81.4909793986008,303306.776203681,646.535813470837,"Female","North"
89.0143090891652,172377.151562832,513.651592296083,"Male","West"
72.8684446834959,96550.7137775421,493.865047313739,"Female","West"
47.3444415018894,76614.9721620604,660.297789936885,"Male","South"
84.1808130801655,207861.194913276,413.189654948656,"Male","South"
67.3326979046687,92397.2797929309,484.703256830107,"Other","West"
74.1794217904098,161390.470797196,765.541905234568,"Female","East"
71.5558324134909,120351.16706742,534.641981450841,"Male","East"
18.9383468721062,NA,730.720894352999,"Female","East"
21.1224320898764,140873.032715172,806.985144154169,"Other","East"
75.1505543258972,237074.585836381,548.70113536017,"Male","South"
NA,134167.925179936,823.177391791251,"Other","East"
87.0363271809183,339190.229086671,617.824612790719,"Male","South"
53.0344932181761,322462.392724119,603.681186842732,"Male","West"
38.137687925715,161620.717737824,749.142936698627,"Other","South"
72.9820579327643,169278.929387219,593.670683808159,"Other","East"
28.7305437820032,326834.380342625,691.953587287571,"Other","West"
37.7164918999188,260730.741820298,588.762122706976,"Male","North"
36.5871713776141,24210.3098984808,803.536718804389,"Female","South"
66.3249531500041,75470.3349736519,484.50013740221,"Female","East"
74.5261817541905,222741.470832843,482.392256788444,"Female","East"
88.6708561847918,105530.158600304,305.614813987631,"Female","South"
64.9754589465447,303628.642214462,598.683148704004,"Female","East"
60.536404822953,309934.08274604,772.5278467522,"Other","West"
23.6656689308584,NA,412.071821058635,"Female","North"
27.224712992087,22300.8010303602,573.956780356821,"Other","West"
38.6339475139976,343614.62340923,812.137495540082,"Other","East"
88.2453665719368,291506.51715463,642.855900514405,"Female","South"
21.2638157908805,110544.395572506,417.820213455707,"Male","East"
92.5407142289914,255495.244348422,837.48292849632,"Male","North"
NA,318990.040591452,812.650666607078,"Male","East"
21.9911124915816,151445.994440001,804.589021136053,"Male","North"
74.1806736220606,280338.673000224,507.543033210095,"Male","South"
71.6566388644278,232306.843453553,360.444021795411,"Female","West"
86.164629385341,48275.2118352801,647.820865281392,"Other","West"
64.7402723161504,80447.7333696559,812.731482519303,"Male","West"
47.362612362951,330887.365788221,715.685345605016,"Female","West"
94.7286995644681,141965.743335895,816.630978148896,"Other","West"
60.1802352541126,209760.129947681,717.333212704398,"Female","West"
21.5561818480492,30381.1860852875,404.730187670793,"Male","East"
91.2194456141442,96985.4034599848,382.9301345977,"Female","South"
76.3892813604325,185427.855057642,522.051347943489,"Female","North"
56.0698476708494,279164.640002418,674.047568475362,"Male","West"
23.5114370207302,87560.7372261584,300.801560480613,"Male","North"
74.5947416457348,237758.975166362,675.544478953816,"Other","South"
68.5511757107452,157582.36880647,589.920658059418,"Female","West"
69.4604852930643,NA,412.518902751617,"Male","South"
66.8010673518293,NA,358.353029447608,"Male","South"
65.6243733218871,228680.861205794,834.980738034938,"Male","North"
28.2888712361455,227562.431825791,647.656658105552,"Male","South"
51.6928914841264,113448.480688967,544.773658411577,"Male","North"
62.449754526373,NA,319.677113741636,"Female","East"
65.0722102518193,136510.833532084,405.466038850136,"Other","North"
70.4411148182116,296818.439443596,666.264222562313,"Male","North"
39.7675110483542,225985.2148965,577.032576780766,"Other","South"
NA,209000.55206148,505.104431556538,"Male","North"
31.8495263089426,314810.290616006,521.571242180653,"Female","North"
29.7641298258677,81188.1295428611,361.809286626521,"Female","East"
79.0736869443208,124216.245163698,695.324240252376,"Female","East"
84.6889427886344,102574.222520925,829.317001975141,"Other","West"
43.9920953167602,154013.514334802,652.852491708472,"Other","West"
74.6813461040147,329629.34234878,403.097876533866,"Female","North"
47.5055080256425,81981.0699531808,795.590670511592,"Male","East"
37.2789572640322,160431.145732291,554.272191808559,"Male","South"
91.5716431452893,160680.836697575,590.516517101787,"Male","East"
41.9187848665752,275014.199858997,452.71749192616,"Other","East"
18.181400903035,151678.700840566,435.978828638326,"Other","West"
92.8446750789881,90394.4875509478,444.486675667576,"Female","West"
24.4458850733936,190413.061566651,741.371525940485,"Other","East"
63.9071124657057,322038.952708244,308.452085824683,"Male","West"
26.1337979538366,246633.582224604,817.49301860109,"Female","North"
44.7517847269773,NA,484.577625244856,"Male","West"
97.3165438477881,156241.409550421,812.076416518539,"Female","South"
41.5330024571158,139956.484274007,703.206507780124,"Male","North"
44.1446831095964,NA,444.308264937717,"Male","South"
91.57775859721,150138.753373176,619.380082644057,"Female","East"
87.6212467798032,319718.736235518,552.616022271104,"Male","East"
51.9883603341877,113408.73086825,345.824168901891,"Other","South"
95.0749297603033,48941.5008155629,513.28608422773,"Other","West"
80.1096075335518,332492.389827967,510.775284888223,"Male","East"
18.014920104295,53248.7377151847,846.109727537259,"Other","South"
20.9395816945471,251962.928492576,803.403980575968,"Female","South"
33.9604505314492,NA,811.818276566919,"Other","North"
29.9635985880159,94314.9575870484,782.12068057619,"Female","West"
35.2962739230134,322965.877980459,465.638179809321,"Female","South"
88.6700995261781,259769.51603312,301.558304904029,"Female","West"
39.6827804236673,39390.1863787323,550.442387151998,"Male","South"
37.9896690854803,NA,614.163518045098,"Other","North"
94.2120572556742,168164.390425663,678.950286342297,"Other","West"
26.2952771154232,195462.863359135,840.219258621801,"Other","West"
70.0012619607151,60543.3940095827,405.03903288627,"Female","East"
89.5846961918287,265656.931663398,321.286002639681,"Female","North"
79.3497034707107,86536.4647470415,709.20136582572,"Other","South"
61.7124121477827,246685.651473235,321.822373638861,"Other","West"
74.5198496831581,340189.188336954,643.228817824274,"Male","South"
NA,64871.4196076617,636.752175062429,"Female","East"
18.9525291617028,262876.102062874,594.190583750606,"Other","South"
96.3679263927042,316325.543215498,428.846798965242,"Male","South"
40.0040760338306,246636.367691681,736.216968391091,"Male","West"
NA,NA,599.29434703663,"Male","East"
95.2188143562526,334829.169199802,664.039331790991,"Other","North"
NA,220692.620535847,371.885615366045,"Male","South"
59.5425419243984,308199.865834322,586.093261896167,"Female","West"
99.8764086589217,256505.606395658,401.75967446994,"Female","West"
44.3121991972439,340371.78860046,819.440969522111,"Male","West"
97.5330919749103,273162.686761934,403.716121194884,"Female","South"
55.0801144344732,151823.665143456,553.292949369643,"Female","East"
27.8827217998914,270901.161639486,569.635120721068,"Male","South"
28.1345552061684,83675.5446507595,680.081293184776,"Male","West"
91.4594202218577,167734.704487957,513.197252980899,"Male","South"
65.2563156671822,121278.40874251,435.212705587037,"Other","East"
59.3554912260734,240637.397996616,395.637452614028,"Female","North"
65.7858056696132,106602.749978192,585.235271882266,"Female","West"
50.4190564788878,276150.908842683,367.148533149157,"Female","East"
31.5473797442392,185361.542531755,409.254105424043,"Other","East"
35.7146872351877,235117.646502331,491.264909878373,"Male","South"
46.696913939435,181983.590633608,354.36821837211,"Female","South"
69.5299413111061,NA,844.609108020086,"Male","North"
NA,339076.999730896,396.852157672402,"Other","North"
73.3143040533178,115003.973694984,684.5400769962,"Female","East"
23.0791237722151,311671.866297256,607.713677070569,"Female","West"
89.7387454095297,NA,666.815852432046,"Other","West"
43.9211817686446,155449.862680398,705.670674960129,"Female","South"
40.4887899914756,72313.8139932416,559.198830183595,"Male","East"
75.9379480527714,349961.365580093,844.074830238242,"Male","North"
86.9827067530714,46185.6577452272,407.986285968218,"Female","East"
27.6085304412991,234294.409863651,841.171627049334,"Female","North"
47.4480103715323,239162.478619255,708.650455635507,"Female","South"
52.0635041408241,207235.606729519,789.0978731215,"Female","East"
92.2831746102311,NA,364.598597201984,"Male","East"
99.4864726075903,163864.359490108,819.419509626459,"Female","West"
73.4363075033762,334469.057088718,721.593046106864,"Female","South"
51.3844011258334,263386.016644072,550.418173521757,"Male","East"
77.6641328870319,278007.404631935,451.872862083837,"Female","West"
24.7280341773294,234168.326007202,510.287155210972,"Male","North"
48.9871861664578,130551.356186625,361.293248622678,"Female","East"
64.88273701258,335567.83122709,363.591038063169,"Other","West"
84.3452010205947,243315.188980196,302.871799166314,"Male","South"
35.4482528683729,109618.03433951,456.024052435532,"Male","North"
35.7538075279444,NA,477.844590763561,"Other","East"
NA,110125.301063526,512.046485941391,"Male","East"
24.0491718947887,333117.317007855,573.053449508734,"Other","West"
82.2795801288448,22352.5816900656,398.452815460041,"Female","East"
59.4819668508135,139498.895029537,403.08249485679,"Other","West"
74.2370521919802,NA,528.561141551472,"Female","North"
45.4343661721796,304710.717611015,629.230415367056,"Male","East"
27.2140082926489,254066.865621135,744.131315441336,"Other","East"
59.4807867864147,251744.036634918,720.377371786162,"Female","North"
73.2426717444323,74631.2960935757,626.060373708606,"Other","South"
35.0198568440974,55343.1180631742,532.507267419714,"Other","East"
58.8709548250772,182962.791761383,827.504833450075,"Other","West"
53.7207951433957,301996.798766777,759.506492095534,"Male","South"
79.3818050255068,64389.5356473513,536.43416094128,"Female","West"
71.5424903105013,88257.2079519741,338.713821431156,"Male","West"
42.0744708320126,NA,361.573838733602,"Other","East"
52.7037377906963,75681.4131094143,425.514803803526,"Other","West"
81.3234933619387,173752.831232268,648.570522654336,"Female","West"
83.1876086113043,309289.927061182,304.423044552095,"Other","West"
20.7465697703883,144337.266248185,774.886096315458,"Male","West"
42.1950994017534,93052.216686774,535.996240947861,"Male","West"
29.5517341187224,161770.333962049,536.402058368549,"Male","East"
50.3744040937163,144160.347636789,381.179411592893,"Male","West"
65.0400616922416,287893.017530441,783.259458420798,"Other","West"
91.0866288687102,242383.599493187,378.949166636448,"Male","North"
48.4770344505087,343636.829773895,325.251466501504,"Other","North"
19.0736984582618,204708.074918017,483.966747054365,"Other","West"
71.5004815338179,94495.117906481,412.498297251295,"Other","East"
94.7510336898267,33801.628400106,797.509817860555,"Other","North"
NA,161479.877890088,816.331884078681,"Other","East"
90.1970822769217,252055.855893996,710.215707751922,"Male","West"
77.8644429049455,262599.338444415,621.705040626694,"Male","South"
NA,319552.438480314,519.967572111636,"Other","West"
88.3239620034583,298404.356453102,462.750161858276,"Male","North"
90.3393154051155,29507.8375469893,729.669329116587,"Other","East"
90.5474337534979,NA,811.336119589396,"Female","North"
53.1649262942374,60216.2384311669,665.669634740334,"Male","North"
75.7446662425064,NA,650.160246307496,"Other","West"
72.5251769344322,NA,560.688667441718,"Other","North"
NA,307756.091286428,499.00004430674,"Other","East"
86.4033446009271,153041.200309526,491.825229173992,"Male","East"
48.3281903727911,NA,730.411208316218,"Male","East"
42.2338268551975,22756.6258562729,642.594018613454,"Female","North"
39.4488108581863,177432.516606059,829.102465126198,"Female","North"
40.8113572127186,243666.718720924,561.450205033179,"Male","East"
NA,305269.331343006,770.982117799576,"Female","South"
71.5752822933719,242552.671958692,757.392330165021,"Other","North"
81.4331024987623,154974.755027797,640.065100765787,"Male","East"
53.2740925131366,340481.35627294,792.675226239953,"Female","North"
77.6792123531923,258076.579400804,651.678885088768,"Other","South"
88.0349453329109,153329.516090453,690.067384613212,"Female","East"
49.9380009518936,104422.13609349,814.802886778489,"Other","West"
91.966270186007,253225.996245164,455.352319963276,"Female","South"
38.4782245289534,179439.882782754,331.891012436245,"Male","East"
NA,109599.485970102,811.477964965161,"Female","South"
NA,30683.9300063439,801.771114952862,"Female","North"
28.6311530112289,305501.782500651,717.535555595532,"Other","West"
18.9661687579937,313387.582092546,570.350889256224,"Female","North"
61.5500507396646,269285.665187053,558.130310988054,"Male","South"
58.1972888237797,NA,709.653707325924,"Other","West"
58.679716615472,340752.342888154,837.397388566751,"Male","West"
90.1206205417402,227297.324864194,572.070366260596,"Female","East"
81.2271428573877,242377.59728916,749.170342017896,"Male","West"
93.7786484635435,120912.210908718,486.41401034547,"Female","North"
56.6641482366249,248887.796197087,650.280950008892,"Female","East"
43.4771523014642,22215.4383314773,592.230960703455,"Male","North"
77.4200601954944,279507.971082348,344.845766515937,"Other","North"
89.9100903440267,NA,838.641516095959,"Female","West"
19.3699051421136,209613.381018862,381.20879039634,"Other","North"
56.5932857217267,20869.6327637881,434.875274368096,"Male","South"
42.947846098803,49295.3190603293,582.538494549226,"Female","East"
NA,84521.9151186757,840.118696086574,"Male","South"
37.3453860366717,289951.593028381,350.462046114262,"Male","West"
65.0568938525394,332182.946510147,341.376050689723,"Male","North"
71.0637997617014,112236.659675837,346.302311681211,"Male","West"
48.2587225367315,93082.0694286376,638.034898287151,"Female","West"
99.8102912977338,20599.8784140684,674.462620075792,"Other","South"
67.4288601418957,339788.506815676,714.219657436479,"Other","East"
76.7277337540872,66717.2602727078,424.788888299372,"Female","East"
37.268854347989,71002.0070592873,353.201527206693,"Male","East"
25.8749875640497,NA,713.616028928664,"Male","North"
36.8217821707949,101572.479417082,656.402184802573,"Female","East"
73.9005042365752,235717.670363374,563.239916099701,"Male","West"
37.7474446441047,318143.999511376,562.107525346801,"Male","North"
44.4760044272989,205298.946760595,812.991437292658,"Other","North"
74.5996671817265,NA,441.439272393472,"Female","North"
90.5889474526048,265339.108509943,447.80203163391,"Other","North"
62.5022028130479,NA,568.549920327496,"Male","South"
52.6713538062759,172537.286914885,317.351765441708,"Male","East"
47.3319672308862,73281.0179353692,838.80487246206,"Other","North"
24.972402815707,178534.009826835,744.267568318173,"Female","West"
72.5206102919765,124413.353244308,428.678551211488,"Male","South"
77.840649378486,128496.384362224,349.664233217482,"Other","North"
34.7459636279382,310132.082640193,524.192565598059,"Other","North"
30.294010433834,68073.7657588907,437.327933846973,"Male","South"
43.646461348515,138275.102186017,339.709122967906,"Male","North"
92.5414915452711,163263.094988652,311.499858414754,"Male","West"
49.4756075451151,186405.904749408,794.84623913886,"Female","East"
89.5009806756862,247673.608309124,543.304734758567,"Other","North"
73.7616377160884,178573.589536827,747.998907370493,"Male","West"
29.9566828710958,239027.738170698,836.658614617772,"Male","North"
99.148654778488,116732.34637361,434.264890220948,"Other","East"
63.3677245583385,60006.1775790527,706.185188703239,"Female","West"
79.767722339835,280797.973878216,691.423201793805,"Female","North"
75.5618416406214,268539.471726399,544.972373964265,"Male","North"
31.8460872275755,63683.6724122986,317.835955065675,"Female","South"
97.4333195146173,64954.5449740253,415.040527121164,"Other","West"
89.2358490210027,311744.406688958,839.470917673316,"Other","West"
89.0362289347686,181589.065291919,635.195368295535,"Female","West"
37.081045597326,301243.598726578,508.360627433285,"Male","West"
68.606613249518,344997.195252217,536.13001848571,"Female","West"
52.4678381080739,66488.9450953342,681.989099690691,"Other","West"
35.2609865628183,NA,400.396956305485,"Female","West"
19.0625370945781,126513.561613392,811.588439613115,"Other","North"
84.151086889673,291110.640147235,743.496073666029,"Male","West"
60.755014993716,NA,768.798645224888,"Male","East"
50.2355855898932,NA,782.973354437854,"Other","South"
24.2769371727481,139991.982479114,348.917092033662,"Female","West"
41.6536559229717,114476.651193108,624.83194838278,"Other","East"
78.8980040526949,280637.888929341,464.175144594628,"Other","North"
18.1770185567439,320286.930720322,816.288700234145,"Female","West"
42.1779239843599,194554.731249809,797.704427142162,"Female","South"
27.3525860258378,330872.854359914,417.444151581731,"Female","North"
65.6645682905801,91089.5093390718,819.027138175443,"Other","North"
NA,308817.475563847,521.204907249194,"Other","East"
49.0832291925326,261611.256368924,522.564843634609,"Other","East"
90.8455126862973,183596.336655319,442.10763645824,"Other","South"
47.3325710571371,217045.492618345,792.924548580777,"Female","North"
46.8916216250509,303882.294362411,730.984515266027,"Female","South"
98.7778912940994,91379.7581125982,670.921877131332,"Other","North"
99.2861814908683,308049.658217933,530.685374769382,"Female","South"
52.4490435076877,98674.3830586784,495.340447826311,"Other","South"
69.1950162043795,85159.1642620042,450.154180184472,"Female","South"
65.0760307935998,56075.5793470889,697.745331539772,"Other","South"
30.3947424637154,NA,788.072123634629,"Female","North"
30.9040442369878,283460.384286009,405.898238671944,"Female","East"
55.086986602284,86878.8274098188,547.923839476425,"Other","West"
67.3711877758615,NA,629.560942016542,"Male","East"
83.3893081340939,65776.6396272928,430.060872959439,"Male","South"
29.8330253376625,310979.341771454,827.135704190005,"Other","South"
81.4574021189474,69352.6047887281,327.307514823042,"Male","South"
65.3610356957652,138613.54515655,363.84450829355,"Female","South"
47.0572877251543,303469.418422319,832.578298868611,"Male","South"
76.604398037307,114314.771015197,835.246404272038,"Female","North"
72.2323444569483,249284.720607102,389.720140548889,"Male","South"
24.964620183222,57172.969779931,542.520804377273,"Male","East"
94.965076378081,225777.749116533,736.975623422768,"Other","South"
86.3711541341618,249881.603412796,595.77389175538,"Male","South"
81.7025898280554,180209.334543906,613.722146023065,"Male","East"
22.0739826471545,233840.700127184,652.916389389429,"Male","South"
69.9825768917799,82176.5456162393,740.517844143324,"Other","North"
89.7590713500977,340872.139101848,775.232299172785,"Male","North"
21.0960375303403,149772.456116043,837.061025982257,"Female","East"
84.9930304293521,110067.811859772,346.289657487068,"Female","North"
41.9560491386801,137443.939724471,302.698963391595,"Other","North"
51.703480638098,231452.380048577,805.458283738699,"Other","West"
55.222173538059,149547.901276965,331.766628765035,"Other","East"
28.5436979038641,118726.178759243,782.388976460788,"Female","West"
78.3329813564196,78453.1623777002,332.02255256474,"Female","West"
42.0131575237028,285052.666079719,505.298284278251,"Female","West"
59.8439538818784,257735.487958416,367.324409633875,"Male","East"
24.851358095184,283550.55964319,737.997530179564,"Female","West"
88.8006774731912,267529.688316863,479.943949577864,"Male","East"
26.7002981696278,90311.9120094925,828.584624209907,"Male","South"
99.7453241408803,335779.215085786,708.786009321921,"Other","West"
93.4294670852832,245397.408793215,617.928980023134,"Male","South"
29.65022958396,NA,788.462123600766,"Male","South"
65.0964319952764,82028.3046457916,708.876292605419,"Female","South"
NA,256506.644731853,780.979626008775,"Male","North"
72.9394140187651,155074.175219052,519.938379246742,"Male","West"
65.7073400453664,248215.85967904,433.805095939897,"Other","North"
41.0408964152448,323726.060858462,641.81018389063,"Male","North"
57.371289126575,84930.4271885194,409.083537280094,"Male","South"
58.6676691295579,126909.441694152,432.051971997134,"Male","South"
64.1501757190563,144042.847303208,366.783462779131,"Male","South"
58.6585159888491,335013.940026984,679.838409542572,"Male","West"
94.9989310852252,NA,526.452280406374,"Other","South"
66.0353991510347,314673.92658582,807.342445058748,"Female","South"
50.6586855575442,129271.22880239,698.328722710721,"Other","East"
63.6910689240322,175770.039167255,333.9721838478,"Female","South"
70.8789878045209,111795.011588838,835.134688753169,"Female","West"
75.3597684660926,279386.358279735,512.535867246334,"Other","West"
81.7195919654332,201765.309588518,373.400390287861,"Female","West"
48.0345875667408,309904.711600393,773.808305419516,"Male","East"
21.7136190566234,252714.870527852,639.329667564016,"Other","East"
79.4433915037662,181578.730258625,366.88113391865,"Female","East"
75.2611549161375,243492.843355052,806.042810005601,"Other","South"
36.4476469811052,276718.157345895,384.735298668966,"Female","East"
50.7405703500845,39001.1215605773,577.854633657262,"Other","East"
86.9806769178249,318538.710253779,714.723033690825,"Other","South"
60.7153390822932,102476.124106906,778.910784807522,"Female","North"
66.8074479931965,58381.5627614968,682.65200353926,"Other","North"
64.3168772035278,NA,809.765756083652,"Other","West"
26.3741477406584,108457.78538147,633.537074422929,"Male","East"
25.9924405808561,NA,719.281543442048,"Female","South"
36.1032949909568,NA,843.570375489071,"Other","North"
NA,275162.13656636,598.001800826751,"Male","East"
55.5773180895485,NA,425.354573561344,"Male","East"
73.3661412396468,145370.357285719,721.399320417549,"Female","South"
58.772705743555,112868.349563796,371.788238373119,"Female","East"
92.8822793625295,44506.8956236355,413.257449911907,"Other","West"
69.002946743276,312839.086952154,827.565937058534,"Other","East"
26.2952254330739,240605.451986194,352.164938347414,"Other","East"
96.8711960702203,223005.624206271,525.53001891356,"Male","North"
60.9735295320861,316034.30735413,407.32074722182,"Other","East"
90.8369630854577,62500.9083701298,342.035786027554,"Male","West"
23.576904963702,174695.810300764,424.923907092307,"Male","West"
49.8574496861547,292528.106509708,505.494748719502,"Female","North"
76.8576508848928,337149.938263465,639.230065071024,"Other","West"
49.137683277484,NA,749.722439807374,"Male","West"
92.0789203336462,118273.065409157,717.727434448898,"Female","East"
51.330806854181,223207.257892936,688.212106900755,"Other","North"
38.1123158251867,189416.391742416,651.489774952643,"Female","South"
26.9021997824311,90625.8538877591,631.417996005621,"Female","South"
39.4350904067978,25286.7083298042,648.294720845297,"Female","East"
37.1965533569455,NA,331.74194029998,"Other","East"
47.921574707143,77560.451796744,651.396584138274,"Male","North"
44.1009308220819,294771.973385941,482.663926971145,"Other","North"
24.0641063372605,301730.686738156,776.964815182146,"Other","East"
32.4913916471414,246784.62625714,606.364896742161,"Other","West"
70.5556155452505,118922.571283765,659.1940889135,"Male","East"
63.2011806601658,116149.023482576,479.611800704151,"Female","North"
47.3711025109515,213157.80400997,839.693314523902,"Female","West"
79.4843741557561,98576.2052750215,788.711595255882,"Male","West"
81.4898781082593,85108.9920476079,448.904296883848,"Male","West"
68.1991719645448,NA,421.500603295863,"Female","East"
90.134346281644,189930.659667589,350.592297478579,"Female","North"
70.7925231959671,224249.617659952,687.089584977366,"Female","East"
54.6050999765284,203664.06836547,472.473478829488,"Other","North"
37.7822944894433,336134.251535404,630.072530428879,"Female","South"
45.0516431401484,156285.981172696,791.476354131009,"Other","East"
85.0116702690721,63068.6852615327,785.147615370806,"Male","South"
19.705191815272,160358.403804712,526.187861955259,"Female","South"
84.6393947275355,39870.8932404406,331.894557434134,"Other","South"
86.4221146297641,148942.154964898,768.399370484985,"Female","West"
55.0861721709371,65107.9205377027,352.227932587266,"Female","North"
72.1167363873683,335371.918685269,775.257583742496,"Other","West"
52.2241806318052,322905.199546367,638.938455667812,"Female","West"
86.2286635679193,27639.9835245684,784.73240933381,"Male","South"
60.6998651539907,NA,502.792956808116,"Male","South"
73.5663800057955,174599.378649145,575.941147957928,"Other","South"
70.2727965945378,265537.568102591,617.42487346055,"Male","West"
49.4874708876014,263997.853749897,320.042867551092,"Male","South"
98.9776102392934,160724.380433094,537.728389946278,"Female","South"
35.2911626207642,260290.748970583,601.069089153316,"Female","West"
84.7788217351772,238224.186969455,649.579844111577,"Other","West"
43.935285131447,280695.70498541,422.739065461792,"Male","West"
47.1264428133145,121356.65952228,415.297599590849,"Male","North"
85.9919859389775,276583.01935764,721.541388484184,"Female","East"
82.7209706651047,103394.778647926,606.370263348799,"Male","West"
89.8785326853395,299369.688639417,427.385853638407,"Other","West"
35.0838863682002,29233.6146021262,665.669387590606,"Female","East"
70.0472421068698,54874.2477269843,694.434861070476,"Male","East"
31.5812644450925,73436.157302931,680.74579006061,"Female","West"
23.2791137872264,245425.523931626,428.745124512352,"Other","South"
89.719755363185,214430.832844228,364.898494572844,"Male","South"
45.8873678250238,278919.676332735,765.429859841242,"Male","East"
55.0691569172777,73331.3296036795,821.698009094689,"Female","East"
75.2281495979987,179735.366264358,412.556772108655,"Other","West"
51.7681595613249,144143.659421243,679.165438504424,"Male","West"
27.0092144347727,91184.8482559435,822.614659648389,"Male","South"
NA,290686.549807433,520.856810174882,"Male","East"
54.0335428710096,318910.146176349,840.715723263565,"Female","South"
23.5870016366243,33207.3677121662,785.469478589948,"Female","West"
83.262077187188,321319.330711849,502.776964299846,"Male","North"
62.7976428912953,349627.906223759,339.45881894324,"Male","South"
25.2491087773815,NA,448.092857073061,"Male","South"
39.0931617785245,41762.9609955475,766.327838425059,"Male","North"
57.6371707576327,149564.90896875,682.499219931196,"Female","South"
26.6541651911102,283833.24110182,390.543606691062,"Male","North"
64.371760040056,117339.328485541,769.691031053662,"Other","South"
44.5610977639444,NA,640.728452173062,"Female","North"
NA,327270.019387361,687.720595113933,"Male","South"
68.9925802797079,204142.155183945,512.30280441232,"Male","North"
23.6945728240535,49902.3518827744,631.422676995862,"Other","North"
78.6807606481016,35958.7875963189,501.424478646368,"Female","East"
31.1243295879103,83646.3239463046,699.757548305206,"Other","North"
80.6733076428063,135572.890324984,359.984695306048,"Other","West"
85.5931359520182,282631.250398699,710.156264656689,"Male","East"
74.1795613919385,293921.943770256,422.878744243644,"Other","North"
60.9507420072332,188310.258663259,785.709047608543,"Male","North"
20.4266040213406,125127.301118337,576.181375572924,"Other","South"
91.0623030541465,NA,508.365009923,"Male","West"
60.9003242431208,206227.983895224,407.568648387678,"Female","East"
64.8882807129994,50423.8670319319,388.830988027621,"Male","South"
69.6800087732263,88977.7174592018,466.787217953242,"Male","South"
NA,234237.537253648,757.857445464469,"Other","West"
44.6048845509067,41285.6522761285,314.338649262208,"Male","East"
31.1927241417579,192642.472642474,805.107333301567,"Female","East"
19.5412966231816,263948.022602126,782.462950295303,"Male","East"
96.7007268718444,NA,752.263289736584,"Other","North"
30.5791907352395,123257.724859286,693.284836120438,"Male","North"
71.8191488664597,181621.429203078,704.189321084414,"Female","West"
78.4674690244719,285659.246118739,485.420574853197,"Male","East"
NA,31527.8019825928,710.65540863201,"Other","South"
55.0100474115461,212259.970514569,721.744091087021,"Other","East"
65.5309067191556,141228.850260377,530.536599981133,"Male","South"
84.4909347831272,NA,526.513371849433,"Male","South"
40.7572092697956,48173.5144346021,322.104930575006,"Other","East"
30.2907074028626,35111.608679872,690.204190567601,"Other","East"
46.701224155724,54208.2145274617,383.093696366996,"Other","West"
23.2087129577994,348790.479246527,437.878473952878,"Female","North"
60.3938903724775,69163.5415470228,622.959373006597,"Male","East"
59.31387960352,50251.3042232022,308.616351010278,"Other","East"
50.3705581212416,267340.781663079,572.123522660695,"Female","West"
44.7540990919806,51978.735299781,611.923877045047,"Other","South"
79.9186907396652,126868.789072614,599.00631387718,"Other","West"
26.6984457382932,322175.614931621,803.860945312772,"Other","North"
NA,87722.1285086125,524.361376673914,"Female","North"
54.5108164986596,72643.8042894006,685.715445422102,"Other","West"
53.108683526516,91729.4962354936,480.979018786456,"Male","West"
38.2089744382538,306601.003659889,548.893494554795,"Other","South"
67.0656620599329,107492.356845178,329.89929014584,"Male","North"
77.1166788293049,130461.386437528,565.50455034012,"Female","South"
19.8981307120994,181976.395810489,669.145959196612,"Female","South"
84.6905563394539,69858.5027130321,714.192011626437,"Male","East"
51.3677593520842,139119.044849649,662.588166806381,"Female","South"
99.1920754169114,58518.7383135781,505.727147194557,"Male","East"
55.4943549744785,21623.3820142224,480.659973074216,"Female","East"
65.1197178433649,30498.9548772573,756.745290383697,"Other","South"
NA,57984.8163761199,314.201840746682,"Male","West"
53.1167617621832,267051.759161986,525.703521736432,"Male","North"
42.2937888428569,177937.722331844,380.917664535809,"Male","East"
81.7830070862547,24009.0075973421,849.0533801727,"Female","North"
44.2141573606059,61045.6036659889,833.397563465405,"Other","East"
NA,51876.7609889619,546.670951193664,"Other","North"
28.7435427042656,274133.488538209,718.975507153664,"Male","East"
56.5687249023467,139551.65240448,391.91917279968,"Other","North"
89.5828289831989,NA,380.710456380621,"Other","North"
81.930022330489,221922.331834212,520.900614070706,"Other","South"
70.2995641375892,23894.684354309,688.902153552044,"Male","South"
76.2160371616483,NA,528.688949975185,"Male","North"
70.6415678360499,232835.069601424,550.559889432043,"Female","North"
98.3391533205286,95728.4311880358,604.457419342361,"Other","West"
39.2011966370046,NA,371.617770497687,"Female","East"
18.4401051406749,190434.797476046,626.529088045936,"Male","East"
46.2829208523035,107145.704764407,534.623451111838,"Female","South"
95.1164764505811,157736.558581237,592.767347837798,"Male","North"
NA,NA,779.555604979396,"Other","West"
81.4776793173514,90499.5555873029,370.08707477944,"Other","South"
90.7852902440354,268902.272647247,570.0817941688,"Female","South"
95.2723812307231,223889.119611122,576.31009076722,"Other","West"
77.3604161487892,70769.3535974249,690.098320203833,"Other","South"
50.4091427465901,96040.5793739483,689.064146624878,"Male","West"
58.3818689263426,311338.392035104,837.522565037943,"Other","East"
88.9126135376282,233679.171465337,848.195232648868,"Other","East"
24.2091839993373,329032.646096312,702.079190895893,"Female","South"
36.5180434002541,123369.922563434,690.104554395657,"Other","North"
75.1568798674271,189959.444338456,823.942302400246,"Male","West"
85.1979657979682,41476.8520439975,832.977735728491,"Female","South"
77.6009098710492,159679.273078218,812.683169869706,"Male","North"
62.37671146309,248438.796391711,413.142481364775,"Female","South"
30.5711890398525,175042.624501511,540.505819534883,"Male","West"
56.3195275249891,28374.1621277295,597.445891296957,"Female","South"
61.5007638395764,271036.009271629,658.586277940776,"Male","East"
30.8761671939865,230599.57141988,707.446732604876,"Male","East"
63.9135518344119,331929.797241464,427.238587103784,"Female","North"
49.3458968191408,297196.373764891,393.520540790632,"Male","West"
68.3559788851999,145617.612148635,567.871478828602,"Other","North"
68.4350557816215,NA,372.120290179737,"Male","South"
72.8380738669075,104655.430582352,447.122927824967,"Male","West"
47.2020909190178,197888.610716909,320.990804827306,"Female","West"
86.5754152075388,NA,449.61677743122,"Other","South"
40.5294599337503,270422.802674584,533.470803301316,"Male","West"
88.2177887405269,27581.2103459612,635.519323195331,"Female","North"
28.2795856152661,246113.981397357,496.733196091373,"Other","North"
38.4397161193192,27952.0380496979,553.550872136839,"Male","East"
43.3316507181153,255232.40752751,437.231916049495,"Female","South"
82.7229000567459,220472.298795357,781.696734402794,"Female","North"
NA,252979.822284542,656.150712899398,"Male","North"
21.7319585010409,78945.7418001257,442.062722437549,"Female","East"
68.4864662210457,87839.1142841429,427.414234622847,"Other","East"
45.4655789891258,65922.7324696258,645.223426516168,"Other","North"
44.107895147521,224548.659790307,379.213757964317,"Other","East"
92.167319374159,258401.842631865,322.393847326748,"Female","West"
79.7595062591136,202069.433603901,598.352982918732,"Female","West"
44.4315578551032,179619.967651088,592.422952887136,"Other","West"
32.6591961975209,56191.272388678,692.059189244173,"Other","South"
NA,118863.932257518,524.999607040081,"Male","East"
80.844780666288,163293.990062084,532.390307204332,"Other","South"
76.5023099328391,328530.531560536,578.40236419579,"Male","East"
72.5342975230888,69248.0105115101,464.414468768518,"Female","South"
97.0594066716731,NA,443.399542639963,"Female","North"
88.7878511627205,187886.936049908,765.990619140211,"Female","East"
23.5705952495337,51585.5345781893,815.453049866483,"Male","East"
27.8305188659579,NA,594.30988561362,"Other","West"
78.5752190095372,94286.040761508,838.999145210255,"Female","West"
19.0081816394813,53613.0163865164,431.297122815158,"Other","South"
94.5809139916673,98348.1362741441,336.136900447309,"Other","South"
86.8213712405413,178516.849004664,820.843361748848,"Other","East"
81.8516096104868,45466.2793898024,670.125812594779,"Male","South"
42.8915228005499,235417.263582349,436.434382316656,"Male","West"
34.3862310317345,171421.202358324,488.126071961597,"Female","North"
49.6205240124837,107138.664992526,818.455830449238,"Male","West"
73.0916954977438,234823.195594363,825.380350265186,"Other","South"
32.4585102749988,185592.143677641,305.029114719946,"Female","East"
54.7146120681427,74715.2817714959,720.937940536533,"Female","East"
72.042669089511,34451.5471043997,580.561714316718,"Other","East"
53.4756669825874,173681.841737125,437.332255253568,"Female","South"
90.906633164268,244513.268289156,371.208039403427,"Female","North"
46.0375660681166,98184.2243717983,536.991805769503,"Other","North"
25.6631308463402,NA,833.586306846701,"Female","North"
33.3746947362088,71249.1363752633,389.91886775475,"Male","North"
97.3499428452924,349171.677096747,580.380120477639,"Female","South"
35.0846271039918,226541.055531707,733.468878548592,"Male","West"
47.679608696606,94442.2460487112,335.26436407119,"Male","South"
33.7289833882824,106087.329771835,316.236020158976,"Female","South"
92.0753245633096,74652.121134568,821.334594627842,"Male","South"
39.9071970214136,118434.594071005,302.617606311105,"Other","South"
25.5271891802549,151312.185835559,791.514233348425,"Female","East"
32.6089791296981,256635.018705856,387.852606514934,"Female","East"
25.3177633848973,37521.7166845687,846.110849187244,"Male","South"
94.1225734204054,234104.645203333,524.466357426718,"Other","West"
81.4286569003016,243606.372901704,302.810715918895,"Female","North"
41.1773871323094,251511.712560896,403.407069551758,"Male","West"
56.0128821521066,267015.853966586,583.041331940331,"Female","South"
26.107447840739,NA,767.17915040208,"Other","North"
62.9424850139767,99239.4862766378,725.531593954656,"Male","South"
75.0672609172761,114350.777862128,599.183493468445,"Male","East"
97.7781279208139,329606.547511648,415.280346490908,"Female","East"
NA,122435.095824767,675.803370086942,"Male","West"
50.502998102922,234602.55130427,793.013050465379,"Other","North"
19.987847623881,249899.430770893,454.790466162376,"Male","East"
81.8766710250638,295421.329587698,638.482216757257,"Female","South"
54.8166304673068,170685.434979387,648.496807110496,"Female","North"
54.6882917960174,152968.644935172,605.828250292689,"Male","North"
66.0403889319859,158022.033113521,770.854665630031,"Other","South"
76.1871567135677,134608.333087526,482.632687117439,"Female","South"
59.2023985614069,289375.034151599,521.248684765305,"Male","South"
91.2400088314898,224303.107110318,747.71337362472,"Male","South"
89.5809871098027,101023.839060217,471.785795851611,"Female","East"
71.8832469885238,107056.228367146,554.375654703472,"Other","East"
88.5797242037952,299006.133745424,431.357000151183,"Female","East"
50.8627368276939,108260.768733453,800.474837678485,"Other","West"
71.7844723202288,212660.250884946,623.848078481387,"Other","West"
22.6172041934915,37828.3390379511,837.736250308808,"Female","North"
97.7440105825663,230040.207710117,561.847979587037,"Female","South"
58.196269438602,NA,573.382441268768,"Female","East"
63.9787151818164,142587.876827456,377.178024454042,"Female","East"
90.6728139491752,60559.1281759553,322.517206927296,"Male","South"
42.4834371949546,211415.826391894,830.338900024071,"Female","South"
70.2224387223832,157081.522725057,655.144123279024,"Female","West"
97.3331453562714,43242.53260158,379.293310339563,"Female","East"
50.9101426582783,80392.4575261772,749.479598551989,"Male","East"
91.7423179466277,297133.46491335,689.636038802564,"Female","South"
87.9854830908589,138781.638217624,338.969825522508,"Male","North"
90.2651401031762,140487.576564774,713.763185590506,"Male","East"
48.8840807769448,147215.433605015,674.667484534439,"Male","East"
69.0889122458175,117721.434591804,411.571835493669,"Other","South"
25.6529307323508,179539.816763718,818.325518001802,"Female","East"
34.0000967737287,53614.0034743585,836.275766370818,"Male","South"
22.1502879797481,87454.4559791684,459.528334136121,"Male","North"
40.6120443949476,63860.4723149911,540.988668531645,"Female","West"
84.1237317868508,302966.338542756,511.91543614259,"Other","South"
20.3882107180543,224608.406918123,830.118241545279,"Female","East"
52.1875094752759,289187.897064257,706.418757489882,"Female","North"
41.4125651521608,276801.588281523,531.404399406165,"Female","East"
74.2706699469127,326300.517183263,695.048286439851,"Other","South"
26.5881580295973,NA,342.185543011874,"Male","North"
76.401694746688,263683.28559678,743.27902510995,"Female","North"
96.0455340743065,136105.936046224,534.059717692435,"Male","North"
69.048929810524,151819.207535591,520.100198162254,"Other","North"
35.2750751674175,202160.752483178,731.392505811527,"Other","West"
NA,210610.563710798,733.446367306169,"Female","North"
47.8979118471034,NA,441.393562755547,"Male","East"
28.9056714749895,211325.872316957,677.920009405352,"Male","South"
63.9719838183373,NA,577.25618184777,"Female","East"
36.0749447881244,148180.130450055,796.775617974345,"Female","West"
67.7331387610175,189497.505438048,487.273287714925,"Other","North"
35.4564017257653,276812.647706829,416.616638714913,"Other","East"
44.522142579779,165848.838398233,668.610927928239,"Other","North"
50.5770216607489,159375.79224119,595.320221153088,"Other","South"
99.3927236325108,33241.212524008,767.82125410391,"Female","West"
31.2793666124344,68414.1767583787,842.324056907091,"Other","South"
53.9258151091635,151846.260980237,595.828798564617,"Male","South"
46.1019863313995,100936.289585661,808.801390905865,"Male","West"
43.527245442383,NA,711.768656165805,"Female","North"
50.2083869660273,248848.394281231,790.281227428932,"Male","East"
33.0999180325307,200060.681032483,546.384760132059,"Male","South"
52.2756686615758,129914.028365165,754.614362097345,"Male","South"
67.8634541914798,264483.46024612,624.86302201869,"Female","South"
40.34104422573,53786.1328618601,658.095115364995,"Other","South"
84.4950879858807,237373.605300672,408.30051827943,"Other","East"
34.7423546649516,41440.6080101617,592.411807714961,"Male","South"
58.1936782188714,NA,430.319605814293,"Female","South"
64.5151461982168,97661.4053477533,363.480988179799,"Male","East"
66.5463341209106,120499.075653497,718.571679480374,"Male","South"
24.4537794520147,282093.528553378,321.715075313114,"Male","East"
96.9188378984109,290952.435405925,491.687095270026,"Male","East"
88.0109318844043,74623.525168281,782.342743966728,"Other","East"
60.2530863652937,338034.710574429,747.650086774956,"Male","North"
56.8592960718088,96366.4937741123,724.923629825935,"Female","East"
93.1992604034021,344317.837865092,607.417208678089,"Other","West"
89.37247901503,21987.3428996652,454.093273554463,"Female","North"
72.6459857337177,311966.998800635,610.895888356026,"Female","North"
44.3150508333929,214312.387297396,320.082412788179,"Other","South"
21.9105503624305,NA,670.849045692012,"Female","West"
41.1055944305845,NA,677.47530406341,"Female","North"
45.7890870124102,66442.4029854126,519.679991377052,"Female","South"
22.3086035018787,24698.9315957762,613.816940493416,"Female","West"
53.4723445540294,103916.885727085,820.063667872455,"Female","West"
96.2321954080835,89963.7078796513,365.304895548616,"Female","South"
47.3041399419308,101803.128353786,815.89199854061,"Other","North"
30.4453978291713,78697.6011935622,329.194429237396,"Other","West"
94.8032100857235,246235.37391657,501.218195701949,"Female","West"
42.3742981059477,243463.561567478,660.006363398861,"Male","North"
43.0491475127637,32209.1710404493,641.034127597231,"Other","North"
41.1919335848652,345200.893932488,358.483544865157,"Female","South"
87.9738805084489,62690.5524777249,428.960844606627,"Other","West"
87.5178094739094,182647.396565881,780.274422164075,"Female","North"
NA,258148.434355389,531.131016719155,"Male","West"
32.0962744355202,78370.8376996219,424.960353481583,"Male","West"
68.7028282191604,196080.3587595,754.13756724447,"Female","West"
NA,294707.813290879,346.720238414127,"Other","North"
74.8109775213525,102346.000082325,523.662495892495,"Female","East"
36.4962396537885,27950.6412823685,542.700707865879,"Female","East"
90.8259226130322,306832.815250382,572.158853546716,"Other","West"
44.2292348793708,290996.399424039,661.653746059164,"Male","North"
61.3491645981558,73763.037584722,555.844006326515,"Other","West"
27.2844363474287,182962.75357483,716.969715896994,"Female","West"
61.2088766316883,93397.8800661862,378.916795144323,"Female","East"
47.7685923567042,244468.733393587,569.538620277308,"Female","North"
60.0088765160181,NA,347.965858830139,"Female","South"
63.066734040156,207426.11898575,546.981161111034,"Other","East"
25.4918048130348,NA,628.607897704933,"Male","East"
73.5362986256368,NA,520.930219022557,"Female","West"
NA,200416.360045783,674.377559975255,"Female","South"
45.8289894135669,56068.9378064126,534.345633431803,"Other","West"
28.8061055340804,72091.7924516834,686.513269203715,"Other","East"
31.7406204110011,172128.319679759,506.544396304525,"Female","East"
61.3679059506394,323579.363792669,314.115969534032,"Female","South"
69.6227292465046,333652.239248622,403.575509262737,"Other","East"
91.4482036246918,241465.88870557,300.704309239518,"Other","North"
76.8152947844937,NA,665.843902830966,"Female","North"
25.7303007366136,224062.988907099,722.219370258972,"Male","East"
95.361035742797,144833.777348977,720.239208941348,"Male","West"
88.1420616889372,133843.391488772,770.351574814413,"Other","East"
58.8589925663546,57244.4261191413,342.755506653339,"Male","North"
21.2324073179625,302008.283622563,362.483555136714,"Female","South"
82.6194425513968,315472.335587256,777.564227674156,"Female","East"
46.9584852587432,148000.953223091,726.275731821079,"Male","East"
68.0403122981079,288248.970073182,583.184596057981,"Other","East"
24.445403856691,NA,552.011596737429,"Male","North"
71.1773089971393,55859.1531729326,699.188442900777,"Other","West"
79.3619002569467,148310.777791776,821.193662681617,"Female","North"
93.3628406710923,212104.836141225,334.5103002619,"Male","West"
53.4530430962332,344639.292121865,820.642421464436,"Male","North"
28.3909690203145,21856.6826498136,657.888393313624,"Other","West"
55.7963307984173,151236.378073227,407.528959214687,"Female","West"
93.249935223721,196470.135061536,410.09233831428,"Male","South"
75.621429881081,120842.294478789,709.21821311349,"Female","South"
94.1640127366409,122176.119072828,762.10198426852,"Other","North"
91.5045384354889,176209.879424423,806.072393059731,"Female","West"
64.2826375612058,148188.512744382,383.158055692911,"Other","North"
83.344210807234,304427.435463294,690.506291028578,"Other","South"
87.885665783193,278403.427239973,766.243446141016,"Male","South"
44.814770905301,42128.4627122805,820.323200442363,"Male","East"
81.9283734401688,225816.656758543,784.185553295538,"Female","West"
NA,NA,664.14682258619,"Female","North"
90.0798140908591,310638.03442521,550.468841649126,"Other","South"
68.8343837778084,168813.679935411,432.19597756397,"Other","East"
41.4919532118365,28654.7992611304,649.797180795576,"Male","North"
33.0734191918746,340087.202116847,389.169394655619,"Other","East"
90.0008031004108,343972.999760881,671.236979332753,"Male","East"
78.2377713765018,200220.148388762,831.730355042964,"Other","South"
80.2300103963353,120919.977070298,429.328037006781,"Female","North"
22.0813554865308,220581.740920898,300.648892251775,"Female","North"
69.2615430341102,50283.850999549,831.095305609051,"Male","South"
33.4306047474965,281850.624191575,787.807720550336,"Female","North"
NA,86404.6031190082,531.095467752311,"Male","North"
24.7543951729313,325702.961464413,721.660769998562,"Female","West"
97.2779093729332,70854.1824528947,831.526919954922,"Female","South"
53.35664043203,271115.718055516,701.613918726798,"Female","North"
49.6233942061663,25247.1854770556,425.468354381155,"Male","South"
75.4995846855454,268491.815675516,549.336071079597,"Male","South"
58.8115020431578,172821.265410166,770.162412174977,"Male","West"
62.0544871743768,98847.4940788001,501.908245682716,"Male","West"
56.3647506115958,281229.403335601,360.211122874171,"Other","South"
44.9931160011329,298457.61409495,306.299111398403,"Female","North"
64.7905652942136,272084.455760196,706.016234843992,"Other","South"
44.8480297285132,90046.1209169589,509.238699194975,"Female","North"
98.6714739766903,NA,429.902810207568,"Other","North"
69.8538438156247,NA,749.589883291628,"Male","South"
34.2042189901695,NA,709.961768449284,"Male","South"
39.4224540628493,37530.5333989672,772.124404914211,"Male","West"
72.0372591675259,105708.651926834,634.799679275602,"Female","North"
NA,127275.037840009,600.207813328598,"Female","North"
22.3543634396046,248255.457982887,394.323714787606,"Other","West"
83.7631793944165,284374.183602631,779.66985499952,"Female","East"
93.0117772496305,279043.620820157,640.849186736159,"Male","West"
94.3887114776298,193042.457816191,768.443856411614,"Other","South"
74.9633230543695,22640.780529473,692.954408971127,"Other","South"
71.3226417871192,71695.9993471391,571.385925938375,"Male","East"
81.9210450281389,78623.2533561997,811.912507202942,"Male","West"
54.0900731850415,NA,755.811395822093,"Other","East"
77.1761446320452,338025.783833582,692.398658231832,"Female","East"
69.9921811409295,146564.744485077,568.57545832172,"Male","West"
91.3907101135701,307339.262308087,604.001667432021,"Other","North"
NA,142256.530101877,430.75298324693,"Female","West"
NA,NA,481.935052457266,"Other","South"
97.6969182826579,235859.290077351,626.232476485893,"Male","South"
71.5222900533117,285853.625359014,733.933588804211,"Female","West"
74.6705504688434,46047.1026366577,756.458442774601,"Female","North"
86.0948496032506,203868.601617869,319.325412763283,"Other","East"
90.6086641829461,204875.196488574,633.470829844009,"Female","North"
40.3531588204205,245341.142404359,613.254395569675,"Male","North"
72.1687305872329,NA,704.153066524304,"Other","East"
71.4746141456999,78555.8913531713,780.060259753373,"Other","North"
31.2759625460021,163551.780495327,308.969111402985,"Other","West"
18.1138311475515,89354.9717986025,806.557973637246,"Other","East"
68.8602557671256,44468.0061913095,843.396416271571,"Female","North"
36.5850216820836,304113.191089127,325.847587676253,"Other","East"
66.0065807141364,121374.079736415,672.021764237434,"Male","West"
92.522675447166,51988.8325314969,572.496778680943,"Male","North"
65.2029028469697,204068.907534238,779.860291548539,"Female","North"
49.6133658639155,337408.460848965,394.269385898951,"Other","South"
50.56399557041,225098.640979268,517.776820913423,"Female","East"
36.6349663818255,328242.416700814,697.469266701955,"Female","West"
19.7360330997035,203064.811846707,652.996985556092,"Other","West"
41.1536275134422,183043.016178999,308.811200142372,"Male","East"
39.7401509624906,155346.31803399,797.122992551886,"Female","North"
18.3432092890143,NA,596.417480404489,"Other","South"
96.6354034943506,160227.449818049,468.140764045529,"Male","South"
60.0546406158246,149092.66868839,397.341578290798,"Other","South"
88.4787332657725,76287.3994512483,473.70464047417,"Male","East"
47.8288090713322,NA,329.572161356919,"Other","East"
38.7812595833093,161297.401867341,759.736976120621,"Other","North"
21.5743362326175,322510.781772435,655.486186186317,"Other","South"
81.8240918428637,NA,561.15321762627,"Other","West"
36.1046453188173,195843.91576238,833.799995959271,"Female","North"
75.3123400495388,334834.160958417,403.385946445633,"Other","South"
40.3445245651528,216633.779101539,312.779048935045,"Other","West"
67.4335342156701,22357.7757528983,475.483520363923,"Female","West"
38.8752818619832,228578.248326667,394.936813227832,"Female","South"
26.5910530430265,323863.525076304,743.486530613154,"Female","East"
NA,153472.931724973,469.857217627577,"Female","South"
45.756039137952,159296.037587337,703.857156587765,"Other","North"
36.6092602075078,343660.200790036,377.980307431426,"Other","East"
23.2144360858947,75016.3122918457,332.820308604278,"Female","North"
81.8564656702802,270054.763203952,554.210758453701,"Female","North"
76.2505656485446,NA,696.85322244186,"Other","West"
89.5075160968117,292791.621314827,817.211190436501,"Other","South"
49.73477784032,94948.7388995476,665.938445157371,"Other","West"
31.3356881160289,NA,416.116007231176,"Other","East"
42.6927765603177,41383.4926043637,729.169363656547,"Female","South"
NA,281192.389193457,573.312108346727,"Female","North"
64.677897142712,208674.678383395,343.277397623751,"Female","North"
53.1396533390507,213195.639892947,587.445919273887,"Female","South"
80.370627510827,223132.006179076,532.135031244252,"Other","West"
24.1243995348923,67319.1591934301,426.674320455641,"Male","East"
53.9144127839245,156128.563212696,303.894561983179,"Male","North"
92.1268241247162,291595.01376329,581.40409727348,"Male","North"
18.1757512795739,46700.0613594428,303.806098131463,"Other","North"
40.1253450484946,135206.188305747,723.129675851669,"Other","West"
29.4112481479533,257643.888173625,679.145671520382,"Female","South"
48.5048820152879,NA,337.281301652547,"Male","North"
79.5084600206465,244444.402335212,841.819448105525,"Male","North"
71.5718477941118,264843.648115639,756.914831639733,"Male","South"
90.7877927618101,301043.157428503,784.598385926802,"Female","East"
44.2165751666762,80019.1069743596,722.482949809637,"Other","West"
35.4218630627729,NA,676.154631061945,"Male","South"
86.1504661878571,263984.292913228,662.723398813978,"Female","West"
73.9427069891244,NA,803.92943933839,"Female","East"
64.7974430178292,NA,468.361916183494,"Male","South"
83.2072993000038,59857.3280056007,320.56434310507,"Female","South"
22.1971835354343,284085.149653256,642.386402853299,"Other","East"
62.3002873202786,149175.60919188,789.837950433139,"Female","South"
81.4610730167478,NA,681.659271847457,"Other","North"
43.901154524181,254557.729184162,636.472941329703,"Male","West"
57.3742129309103,342373.620339204,627.480649075005,"Female","South"
38.7316777291708,88074.873611331,777.29062383296,"Other","West"
32.9694486241788,134588.325484656,564.618489239365,"Female","West"
85.9332004263997,160088.830015156,630.497980373912,"Other","North"
92.5320788472891,26006.9698933512,647.303344251122,"Female","West"
35.5431721899658,191019.325663801,805.481773847714,"Female","South"
78.1821944080293,133825.043195393,714.097068738192,"Male","West"
55.769963960629,NA,372.127468662802,"Female","West"
71.2439941959456,91200.5560682155,328.32301860908,"Female","North"
34.4260608828627,100820.559586864,514.661714748945,"Male","West"
50.1150138955563,NA,688.469722715672,"Male","West"
64.7196660079062,345443.211128004,554.068817291409,"Male","South"
38.1808309266344,110112.768728286,323.071846261155,"Female","West"
44.7804505797103,145199.213295709,642.150165233761,"Other","West"
55.6478629498743,NA,799.26195461303,"Female","South"
53.9987125950865,176135.4697356,344.877960649319,"Other","South"
30.5859441310167,232454.296029173,768.981367500965,"Female","West"
34.0073392712511,284320.068953093,814.559814892709,"Male","East"
62.4123535738327,NA,802.320904389489,"Female","North"
47.0769003652968,41673.9075700752,389.17154626688,"Other","West"
NA,256461.718443315,611.324828234501,"Female","South"
73.8113435734995,60614.6962195635,499.169696716126,"Other","South"
49.0487940278836,26322.9039264843,714.822486485355,"Male","West"
53.9513667137362,153884.899332188,683.363436837681,"Female","East"
19.456016222015,89483.7954058312,331.091546965763,"Male","East"
93.4668590836227,255770.32514615,533.738812722731,"Male","North"
NA,206504.13952535,486.777460027952,"Female","East"
23.8422850831412,73162.196285557,820.464962837286,"Female","North"
87.9406675063074,78864.916539751,365.720745583531,"Male","South"
71.843639312312,28144.965893589,449.396032642107,"Male","West"
83.9700861000456,76434.0606355108,458.795691421255,"Female","North"
49.0720225423574,332605.90277845,620.59747625608,"Female","North"
69.5023909914307,101669.73780375,764.597933238838,"Male","South"
18.6139087956399,30928.6330547184,700.182459643111,"Male","North"
52.4929206576198,44179.0797328576,491.87400577357,"Other","North"
78.9216235736385,332308.253496885,341.480020305607,"Male","South"
44.9564684997313,49106.1537060887,747.329057462048,"Female","South"
77.963069723919,49852.3221188225,344.577595614828,"Male","North"
48.3479827842675,132186.411069706,332.391576305963,"Female","North"
21.24778423924,NA,456.133479706477,"Male","South"
36.628757531289,277833.14002445,820.733096601907,"Other","South"
64.7044619466178,217030.603627209,455.873776949011,"Male","South"
64.9552995655686,136828.049235046,628.57183177257,"Male","West"
52.7158699883148,291594.288833439,660.204299725592,"Female","West"
49.4299556305632,272327.266768552,314.809733931907,"Other","South"
NA,229399.462614674,450.157079391647,"Other","West"
49.2288215206936,343327.50816131,628.109496843535,"Other","West"
25.4058729698882,313939.866153523,684.872459829785,"Male","North"
53.4507658653893,97851.75048979,753.369086154271,"Male","South"
19.9888246818446,NA,682.358565868344,"Other","North"
29.3429289888591,81565.2775438502,378.26630192576,"Other","East"
88.2232329328544,339762.67603226,374.117251019925,"Male","West"
57.8401455380954,NA,631.610331893899,"Other","North"
84.646648241207,94537.3642980121,711.649258132093,"Male","South"
21.0472275130451,258053.785408847,537.117595376913,"Female","South"
72.5206102919765,124413.353244308,428.678551211488,"Male","South"
32.4585102749988,185592.143677641,305.029114719946,"Female","East"
65.5309067191556,141228.850260377,530.536599981133,"Male","South"
70.0012619607151,60543.3940095827,405.03903288627,"Female","East"
49.4767099237069,348974.480887409,733.569477451965,"Female","West"
92.1268241247162,291595.01376329,581.40409727348,"Male","North"
73.9005042365752,235717.670363374,563.239916099701,"Male","West"
NA,234237.537253648,757.857445464469,"Other","West"
58.6585159888491,335013.940026984,679.838409542572,"Male","West"
70.8789878045209,111795.011588838,835.134688753169,"Female","West"
92.0753245633096,74652.121134568,821.334594627842,"Male","South"
87.1298240828328,67616.5164285339,387.372214416973,"Female","West"
26.9021997824311,90625.8538877591,631.417996005621,"Female","South"
50.5770216607489,159375.79224119,595.320221153088,"Other","South"
40.519555919338,101412.481982261,743.078324676026,"Other","South"
26.7002981696278,90311.9120094925,828.584624209907,"Male","South"
83.1876086113043,309289.927061182,304.423044552095,"Other","West"
18.9525291617028,262876.102062874,594.190583750606,"Other","South"
52.7158699883148,291594.288833439,660.204299725592,"Female","West"
